-- 种子数据 - 智能客服系统
-- 执行方式: psql -U postgres -d cs_agent -f seed_data.sql

-- ============================================
-- 商品数据 (20件)
-- ============================================
INSERT INTO products (product_id, name, category, price, rating, description, brand) VALUES
-- 电子产品
('P001', '无线蓝牙耳机 Pro', 'electronics', 299.00, 4.8, '高品质降噪蓝牙耳机，续航30小时，支持快充，蓝牙5.3', '音享'),
('P002', '智能手环 Lite', 'electronics', 199.00, 4.6, '心率监测、睡眠追踪、50米防水，续航14天', '动量'),
('P003', '机械键盘 RGB', 'electronics', 459.00, 4.7, 'Cherry轴体，全键无冲，RGB背光，PBT键帽', '键道'),
('P004', '无线充电板 15W', 'electronics', 89.00, 4.4, 'Qi标准，兼容iPhone/安卓，LED指示灯', '充能'),
('P005', '便携蓝牙音箱', 'electronics', 159.00, 4.5, 'IPX7防水，12小时续航，TWS串联', '音享'),
('P006', '游戏鼠标 光电版', 'electronics', 239.00, 4.6, '16000DPI，7键可编程，1ms响应', '键道'),
('P007', 'USB-C扩展坞', 'electronics', 179.00, 4.3, '12合1，HDMI+DP+网口+SD卡槽，100W PD充电', '充能'),
-- 配件
('P008', '手机保护壳 透明款', 'accessories', 39.90, 4.3, 'TPU材质，防摔防黄，多机型适配', '护品'),
('P009', '蓝牙耳机收纳盒', 'accessories', 49.00, 4.5, '硬壳保护盒，适配主流蓝牙耳机，含挂绳', '护品'),
('P010', '键帽套装 渐变色', 'accessories', 89.00, 4.8, 'Cherry高度，PBT热升华，117键通用', '键道'),
('P011', '笔记本支架 铝合金', 'accessories', 129.00, 4.7, '6档高度调节，折叠便携，散热镂空', '护品'),
('P012', '屏幕挂灯', 'accessories', 149.00, 4.5, '无频闪，色温可调，USB供电，触控开关', '明视'),
-- 服装/穿戴
('P013', '运动T恤 速干款', 'clothing', 79.00, 4.4, '冰丝面料，速干透气，4向弹力', '轻动'),
('P014', '运动短裤', 'clothing', 69.00, 4.3, '内衬设计，排汗速干，侧口袋', '轻动'),
-- 家居
('P015', '智能台灯 Pro', 'home', 199.00, 4.6, '自适应调光，App控制，护眼认证', '明视'),
('P016', '加湿器 静音款', 'home', 129.00, 4.4, '4L大容量，36小时续航，30dB低噪', '润家'),
('P017', '香薰机', 'home', 99.00, 4.2, '超声波雾化，七彩氛围灯，定时关机', '润家'),
-- 其他
('P018', '数据线三合一', 'accessories', 29.90, 4.1, 'Type-C/Lightning/Micro USB，1.5m尼龙编织', '充能'),
('P019', '鼠标垫 超大号', 'accessories', 49.00, 4.5, '900x400mm，防滑橡胶底，锁边设计', '键道'),
('P020', '手机支架 桌面款', 'accessories', 35.00, 4.4, '铝合金，可旋转，兼容4-7寸手机', '护品')
ON CONFLICT (product_id) DO NOTHING;

-- ============================================
-- 库存数据
-- ============================================
INSERT INTO inventory (product_id, warehouse, available, restock_date) VALUES
('P001', '华南仓', 89, NULL), ('P001', '华东仓', 67, NULL),
('P002', '华南仓', 28, NULL), ('P002', '华东仓', 14, NULL),
('P003', '华南仓', 3, NULL),  ('P003', '华东仓', 4, NULL),
('P004', '华南仓', 200, NULL), ('P004', '华东仓', 150, NULL),
('P005', '华南仓', 45, NULL), ('P005', '华东仓', 30, NULL),
('P006', '华南仓', 60, NULL), ('P006', '华东仓', 40, NULL),
('P007', '华南仓', 25, NULL), ('P007', '华东仓', 20, NULL),
('P008', '华南仓', 0, '2025-02-15'), ('P008', '华东仓', 0, '2025-02-15'),
('P009', '华南仓', 120, NULL), ('P009', '华东仓', 80, NULL),
('P010', '华南仓', 15, NULL), ('P010', '华东仓', 10, NULL),
('P011', '华南仓', 50, NULL), ('P011', '华东仓', 35, NULL),
('P012', '华南仓', 40, NULL), ('P012', '华东仓', 25, NULL),
('P013', '华南仓', 200, NULL), ('P013', '华东仓', 180, NULL),
('P014', '华南仓', 150, NULL), ('P014', '华东仓', 120, NULL),
('P015', '华南仓', 30, NULL), ('P015', '华东仓', 20, NULL),
('P016', '华南仓', 55, NULL), ('P016', '华东仓', 45, NULL),
('P017', '华南仓', 70, NULL), ('P017', '华东仓', 50, NULL),
('P018', '华南仓', 500, NULL), ('P018', '华东仓', 400, NULL),
('P019', '华南仓', 80, NULL), ('P019', '华东仓', 60, NULL),
('P020', '华南仓', 90, NULL), ('P020', '华东仓', 70, NULL)
ON CONFLICT (product_id, warehouse) DO NOTHING;

-- ============================================
-- 订单数据 (10单)
-- ============================================
INSERT INTO orders (order_id, user_id, status, total_amount, created_at, paid_at, tracking_number, address) VALUES
('ORD20250101001', 'user_001', 'shipped', 378.80, '2025-01-01 10:30:00', '2025-01-01 10:31:00', 'SF1234567890', '广东省深圳市南山区科技园1号楼'),
('ORD20250101002', 'user_002', 'pending', 199.00, '2025-01-02 14:20:00', NULL, NULL, '北京市朝阳区建国路88号'),
('ORD20250101003', 'user_001', 'delivered', 548.00, '2024-12-28 09:15:00', '2024-12-28 09:16:00', 'YT9876543210', '广东省深圳市南山区科技园1号楼'),
('ORD20250102001', 'user_003', 'delivered', 299.00, '2025-01-02 08:00:00', '2025-01-02 08:01:00', 'JD0012345678', '上海市浦东新区陆家嘴环路100号'),
('ORD20250102002', 'user_001', 'cancelled', 159.00, '2025-01-02 15:30:00', NULL, NULL, '广东省深圳市南山区科技园1号楼'),
('ORD20250103001', 'user_004', 'shipped', 439.00, '2025-01-03 11:00:00', '2025-01-03 11:02:00', 'ZT1122334455', '浙江省杭州市西湖区文三路478号'),
('ORD20250103002', 'user_002', 'paid', 678.80, '2025-01-03 16:45:00', '2025-01-03 16:46:00', NULL, '北京市朝阳区建国路88号'),
('ORD20250104001', 'user_005', 'delivered', 89.00, '2025-01-04 09:30:00', '2025-01-04 09:31:00', 'YT5566778899', '四川省成都市武侯区天府三街199号'),
('ORD20250104002', 'user_001', 'paid', 248.90, '2025-01-04 14:10:00', '2025-01-04 14:11:00', NULL, '广东省深圳市南山区科技园1号楼'),
('ORD20250105001', 'user_003', 'pending', 129.00, '2025-01-05 10:20:00', NULL, NULL, '上海市浦东新区陆家嘴环路100号')
ON CONFLICT (order_id) DO NOTHING;

-- ============================================
-- 订单明细
-- ============================================
INSERT INTO order_items (order_id, product_id, product_name, quantity, price) VALUES
('ORD20250101001', 'P001', '无线蓝牙耳机 Pro', 1, 299.00),
('ORD20250101001', 'P008', '手机保护壳 透明款', 2, 39.90),
('ORD20250101002', 'P002', '智能手环 Lite', 1, 199.00),
('ORD20250101003', 'P003', '机械键盘 RGB', 1, 459.00),
('ORD20250101003', 'P010', '键帽套装 渐变色', 1, 89.00),
('ORD20250102001', 'P001', '无线蓝牙耳机 Pro', 1, 299.00),
('ORD20250102002', 'P005', '便携蓝牙音箱', 1, 159.00),
('ORD20250103001', 'P003', '机械键盘 RGB', 1, 459.00),
('ORD20250103002', 'P001', '无线蓝牙耳机 Pro', 1, 299.00),
('ORD20250103002', 'P005', '便携蓝牙音箱', 1, 159.00),
('ORD20250103002', 'P018', '数据线三合一', 1, 29.90),
('ORD20250103002', 'P008', '手机保护壳 透明款', 1, 39.90),
('ORD20250103002', 'P020', '手机支架 桌面款', 2, 35.00),
('ORD20250104001', 'P004', '无线充电板 15W', 1, 89.00),
('ORD20250104002', 'P011', '笔记本支架 铝合金', 1, 129.00),
('ORD20250104002', 'P018', '数据线三合一', 2, 29.90),
('ORD20250104002', 'P020', '手机支架 桌面款', 1, 35.00),
('ORD20250105001', 'P015', '智能台灯 Pro', 1, 199.00)
ON CONFLICT DO NOTHING;

-- ============================================
-- 物流数据
-- ============================================
INSERT INTO logistics_tracks (tracking_number, carrier, status, estimated_delivery) VALUES
('SF1234567890', '顺丰速运', 'in_transit', '2025-01-03'),
('YT9876543210', '圆通速递', 'delivered', NULL),
('JD0012345678', '京东物流', 'delivered', NULL),
('ZT1122334455', '中通快递', 'in_transit', '2025-01-05'),
('YT5566778899', '圆通速递', 'delivered', NULL)
ON CONFLICT DO NOTHING;

INSERT INTO logistics_events (tracking_number, event_time, location, action) VALUES
('SF1234567890', '2025-01-01 16:00:00', '深圳仓库', '已揽收'),
('SF1234567890', '2025-01-02 08:00:00', '深圳集散中心', '已发出'),
('SF1234567890', '2025-01-02 14:30:00', '广州中转站', '运输中'),
('YT9876543210', '2024-12-29 20:00:00', '北京分拨中心', '已到达'),
('YT9876543210', '2024-12-30 08:00:00', '北京派送站', '派送中'),
('YT9876543210', '2024-12-30 10:00:00', '北京朝阳区', '已签收'),
('JD0012345678', '2025-01-02 10:00:00', '上海仓库', '已揽收'),
('JD0012345678', '2025-01-02 18:00:00', '上海配送站', '派送中'),
('JD0012345678', '2025-01-02 20:00:00', '上海浦东新区', '已签收'),
('ZT1122334455', '2025-01-03 14:00:00', '杭州仓库', '已揽收'),
('ZT1122334455', '2025-01-04 08:00:00', '杭州分拨中心', '运输中'),
('YT5566778899', '2025-01-04 10:00:00', '成都仓库', '已揽收'),
('YT5566778899', '2025-01-04 16:00:00', '成都配送站', '派送中'),
('YT5566778899', '2025-01-04 18:30:00', '成都武侯区', '已签收');

-- ============================================
-- 知识库文章 (含空向量，后续用脚本填充embedding)
-- ============================================
INSERT INTO knowledge_articles (title, category, content) VALUES
('7天无理由退货政策', 'return_policy', '自签收之日起7天内，商品保持完好可申请无理由退货。以下商品除外：定制商品、生鲜食品、已拆封的音像制品、数字化商品、贴身衣物。退货运费由买家承担，退款将在收到退货商品后3个工作日内原路返回。'),
('质量问题退换货', 'return_policy', '商品存在质量问题，可在签收后15天内申请退换货。需提供商品问题照片或视频作为凭证。质量问题退换货运费由卖家承担，审核通过后1-2个工作日处理。'),
('电子产品保修条款', 'warranty', '电子产品自购买之日起享受1年保修服务。保修期内，非人为损坏可免费维修或更换。需提供购买凭证(订单截图或发票)。以下情况不在保修范围内：进水、摔损、私自拆修、超过保修期。'),
('支付方式说明', 'payment', '支持以下支付方式：支付宝、微信支付、银行卡、信用卡、花呗。订单支付成功后不可更改支付方式。退款将原路返回，信用卡退款可能需要5-10个工作日。'),
('配送时效说明', 'shipping', '普通配送：2-5个工作日送达。加急配送：1-2个工作日送达(仅限部分城市)。偏远地区可能延长1-3个工作日。大促期间(618/双11)配送时效可能延长1-2天。'),
('优惠券使用规则', 'promotion', '优惠券可在结算时使用，每笔订单仅限使用1张。部分商品不支持优惠券(如特价商品、预售商品)。优惠券不可叠加使用，不可兑换现金。过期优惠券自动失效，不予补发。'),
('发票开具说明', 'payment', '支持电子发票和纸质发票。电子发票在订单完成后24小时内自动发送至注册邮箱。纸质发票需单独申请，7个工作日内寄出。发票抬头一经开出不可更改。'),
('会员等级权益', 'promotion', '会员分为普通/银卡/金卡/钻石四个等级。银卡：95折+免运费。金卡：9折+免运费+优先客服。钻石：85折+免运费+专属客服+生日礼。等级根据年度消费金额自动升降。'),
('商品验收须知', 'return_policy', '签收时请当场验货，如有问题请拒签并联系客服。如签收后发现问题，请在24小时内拍照并联系客服。贵重商品建议录制开箱视频作为凭证。'),
('隐私保护政策', 'privacy', '我们严格保护用户个人信息安全。不会将用户信息出售或共享给第三方(法律要求除外)。用户可随时查看、修改、删除个人信息。数据传输采用SSL加密。');

-- ============================================
-- 注意: knowledge_articles的embedding列需要后续用脚本填充
-- 见 scripts/embed_knowledge.py
-- ============================================
